"ColumnID","Name","Task ID's","ProjectID"
"c38bd87b-9c60-4aac-85dd-10567c30af94","ahsak","7132fc12-6207-4c80-8090-4aaae619f517,45523b14-2096-4d89-a23d-e5264673020d","d3f49ff2-0ff9-4632-ac6c-f21cefffb501"
"dbd3ef27-b36b-4e50-aaf2-a53672a5d204","kkdw","","1fc2f4b1-379f-45c6-93bc-c4b88b8d0af5"
"2ae4e0b9-331b-4b80-ae60-7fb7bf7d9cb2","t","","d3f49ff2-0ff9-4632-ac6c-f21cefffb501"
"559423ef-1954-44aa-8976-8f42d4346f2d","NewColumn","","eaa3bc8e-02e9-468b-892e-981df97043d0"
"52b90186-8db8-42c7-b714-efc2f5baaeb8","DBInsert1 Test col UI","550e8400-e29b-41d4-a716-446655440000, edf0e1bf-0e97-4a65-8600-570dfde94a7e, baa60e14-e50f-4098-9397-ca288ec197db","d3f49ff2-0ff9-4632-ac6c-f21cefffb501"
"2ea9db77-4e85-42aa-a11f-f6734bfd81a6","Default Column","","ccef01c4-a0d9-4da5-b9c4-a3a637946869"
"d4183fdf-a407-4526-b1bc-b37a97529108","Default Column","6122de64-e18c-46f2-b7df-82e668a3432d, f5ad7625-b78c-4685-aa85-6dbaf958a42e, 5c7edaa3-9c53-44f5-9d44-5e7aca6dce72, 8c8151d0-769c-4972-bd19-15510cccba73","ce542f01-a7de-467d-90d0-1c1d380e0722"
"1c7b479b-f240-424a-bde2-920cf68b5c1b","Better Name For Column","adec68ae-bbb5-4bfa-a637-7646c924f717","ce542f01-a7de-467d-90d0-1c1d380e0722"
"1eb3761f-adb4-437f-b4f5-b44db9aef36b","Col 3","619ddcdd-b805-47fc-acaa-94594ad2a1e9","ce542f01-a7de-467d-90d0-1c1d380e0722"
"ca8141f4-9b28-49dd-b0dd-d552e3468c9a","Default Column","","18aca796-f7e4-4583-947f-810492f1bd94"
"efb9bfb1-a218-4ce0-a90e-514460517833","Default Column","00f885c5-ad39-431e-9a6c-6d29445fa8f0","999f8106-4863-4234-bd2a-ef57108c5784"
"27abf842-c49f-4eab-89a3-a7731a18d6db","Col 2","","999f8106-4863-4234-bd2a-ef57108c5784"
"05b8f154-162f-4e7b-ba89-6ce2c09400be","Default Column","","eaa3bc8e-02e9-468b-892e-981df97043d0"
"b443372c-9e99-432c-adf6-8b24cf8fa8d8","Renamed Default","2e258cb6-4024-4f71-a8ef-1f48f4738fad","eabfa91c-8ea9-4d20-b6ff-41dbe132a2ef"
"f1a37076-7df6-42d0-a406-7e7af98185d8","Default Column","435f0b97-2a77-4009-8cc0-26f18e337400","ccef01c4-a0d9-4da5-b9c4-a3a637946869"
"e2ae395f-cd97-425e-b1a9-09a6374d1513","Default Column","8f77b03c-100e-4245-b2f7-fe2836ab0829","635e2ea8-7c2b-43db-b031-839ce82f29f1"
"ca56aa47-8211-4803-9438-bca0abc0ffd5","DB 7 col 2 Renamed","39cd5661-50f3-4ed1-868f-58abc2dc9979, c2924374-cd4f-42c4-b2b2-d6243de0c351","635e2ea8-7c2b-43db-b031-839ce82f29f1"
